1	bottom	HELLO. I'M GUS.|YOU MAY BEGIN THE PÂTÉ.
2	bottom	NOT ASLEEP.|JUST GRANTING YOU|AN AUDIENCE.
3	bottom	YOUR 9AM IS CANCELLED.|I AM THE 9AM.
4	top	PRE-BREAKFAST GUS.|ENJOY HIM WHILE HE LASTS.
5	top	YOU WERE GOING SOMEWHERE?|CUTE.
6	top	NURSE GUS IS IN.|COPAY IS ONE (1) TUNA.
7	top	SEND HELP.|SPECIFICALLY, SALMON.
8	bottom	SOMEONE SAID "KIBBLE."|I'LL BE IN MY BUNKER.
9	bottom	TINY. ADORABLE.|ALREADY REJECTING KIBBLE.
10	top	YOU OPENED A CAN.|IT WAS BEANS.|I'LL NEVER RECOVER.
11	top	I SAW THE KIBBLE.|I CAN'T UNSEE THE KIBBLE.
12	bottom	THIS BAG IS NOW A|SOVEREIGN NATION.
13	bottom	I'M NOT CUDDLING.|I'M SUPERVISING YOUR FEELINGS.
14	top	CAUSE OF DEATH: BREAKFAST|WAS 4 MINUTES LATE.
15	top	OCCUPIED.|USE THE KITCHEN SINK|LIKE AN ANIMAL.
16	bottom	REVIEWED YOUR DOCUMENT.|IT'S WARM NOW. YOU'RE WELCOME.
17	bottom	I'M A CAT OF REFINED LINEAGE,|NOT A POLAR BEAR.
18	bottom	IF IT CRUNCHES,|IT'S NOT FOOD.
19	bottom	THE BOX WAS THE GIFT.|THE REST IS PACKAGING.
20	bottom	WE GOT THE JOB.|WE'RE STILL ON PROBATION.
21	bottom	HE FOUND THE BOWL EMPTY.|HE COULD NOT GO ON.
22	bottom	DO NOT PERCEIVE ME.|I'M IN MY OFFICE.
23	top	I DON'T CARE ABOUT MICE.|I CARE THAT YOU NEED THIS ONE.
24	bottom	NATIONAL CAT DAY?|I THOUGHT THEY ALL WERE.
25	bottom	HALLOWEEN HORROR:|A CAT EATING KIBBLE.|ON PURPOSE.
26	top	TRICK OR TREAT.|DRY FOOD GETS THE TRICK.
27	top	BREAKFAST IS AT 6.|I DON'T DO DAYLIGHT SAVING.
28	top	I GOT UP AN HOUR EARLY.|I WILL NOT BE GETTING UP AGAIN.
29	bottom	YOU MADE YOUR COFFEE|BEFORE MY BREAKFAST. NOTED.
30	top	SAME JOB AS YOU.|BETTER BENEFITS.
31	top	MY OWN BED: 0 TIMES.|IT'S A DECOY.
32	bottom	KIBBLE MIXED INTO MY PÂTÉ?|I'M NOT SOME KIND OF ANIMAL.
33	bottom	YOU GOT A LAPTOP STAND.|I GOT A BOX. I WON.
34	bottom	CUDDLES ARE RATIONED.|CANCEL YOUR PLANS.
35	bottom	IT'S A DELIBERATE STRETCH.|NOT A FOOD COMA.
36	top	CAT YOGA POSE #1:|THE UPSIDE-DOWN LOAF.
37	bottom	ON A VIDEO CALL?|I'M THE KEYNOTE SPEAKER.
38	top	NOT HIDING.|MONITORING FROM|A SECURE LOCATION.
39	bottom	FRIDAY THE 13TH.|SOMEONE SAID "CRUNCHY BITS."
40	top	TOOK THE GOOD CHAIR.|THE ONE YOU WANTED.
41	top	STAY A MINUTE.|(THEN FEED ME.)
42	bottom	SHEDDING HERE FOR THE NEXT|4 TO 6 BUSINESS HOURS.
43	top	HEARD THE FRIDGE.|THE BALL CAN WAIT.
44	top	YOUR IMPORTANT PROJECT|IS NOW MY IMPORTANT NAP.
45	bottom	IT'S NOT HAM.|I CAN TELL FROM HERE.
46	top	A GUEST ASKED IF I EAT KIBBLE.|I OPENED ONE EYE.
47	bottom	GET UP FOR SNACKS,|LOSE YOUR SEAT.
48	top	IT SMELLS LIKE YOU.|DON'T MAKE IT WEIRD.
49	bottom	TRAINING FOR THE TURKEY COMA.|TURKEY: STILL NOT OFFERED.
50	top	THANKSGIVING TRAVEL?|I'VE UPDATED THE|CARPET'S TERMS.
51	bottom	LOGGING OFF EARLY.|MY BOSS SAID SO.
52	bottom	THANKFUL FOR PÂTÉ.|AND THE STAFF WHO SERVE IT.
53	top	BLACK FRIDAY KIBBLE SALE?|NO PRICE IS LOW ENOUGH.
54	bottom	YOU: TURKEY FOR 3 DAYS.|ME: 0 DAYS. GRIEVANCE FILED.
55	top	NO FOOD INVOLVED.|HE JUST KNEW.
56	bottom	MADE IT TO CHECKOUT.|NO THUMBS. COULDN'T FINISH.
57	top	THE TREE IS UP.|I AM NOT INTERESTED. (FOR NOW.)
58	bottom	YEAR-END PAPERWORK?|THAT'S NICE. I'M LYING ON IT.
59	top	BEDSIDE SERVICE ONLY.|PLEASE KNOCK.
60	bottom	DEAR SANTA: PÂTÉ.|PUT KIBBLE ON THE NAUGHTY LIST.
61	bottom	SATURDAY PLANS: NAP.|BUSY, BUSY, BUSY.
62	top	I DON'T HAVE A FAVORITE TOY.|(I HAVE A FAVORITE TOY.)
63	bottom	TOO COLD TO STAND.|I AM NOW A RUG ON THE RUG.
64	bottom	IT SAYS JOY.|NOW IT'S ACCURATE.
65	top	PERFORMANCE REVIEW:|PROMOTED TO SENIOR|PAPERWEIGHT.
66	bottom	HIBERNATING UNTIL MARCH.|WAKE ME FOR MEALS ONLY.
67	bottom	BIRDS EAT DRY SEEDS.|NOBODY TOLD THEM ABOUT SALMON.
68	top	INSPECTED THE STOCKINGS.|NO KIBBLE FOUND. SANTA KNOWS.
69	bottom	HE PICKS WHOEVER IS|HAVING THE HARDEST WEEK.
70	bottom	SUPERVISED THE WRAPPING.|BY LYING ON IT.
71	bottom	THIS HAND MAY STAY.|ONE CAN OF PÂTÉ PER HOUR.
72	bottom	WHEREVER THE TAPE IS,|THAT'S WHERE I'LL BE.
73	bottom	LIKE THIS POST|SO IT WAS WORTH IT.
74	top	CHEESE CRACKERS IN THE HOUSE.|I'VE MOVED CHAIRS IN PROTEST.
75	top	I GOT EVERYONE|THE GIFT OF MY PRESENCE.
76	bottom	HOLIDAYS ARE LOUD.|HE STAYS ANYWAY.
77	top	LONGEST NIGHT OF THE YEAR.|GOING FOR A PERSONAL RECORD.
78	bottom	SNEAKING OUT AT 5 A.M.?|I'VE BEEN IN THE BAG|SINCE MIDNIGHT.
79	bottom	MY OUT-OF-OFFICE|HAS BEEN ON SINCE BIRTH.
80	bottom	DEAR SANTA: SKIP THE COOKIES.|BRING TUNA.
81	top	MERRY CHRISTMAS.|I SAT IN ALL THE BOXES.
82	bottom	BOXING DAY CHAMPION.|EVERY. SINGLE. BOX.
83	top	THE BEST PART OF THE YEAR|WAS RIGHT HERE.
84	top	HOLIDAY RECOVERY MODE.|UPSIDE DOWN UNTIL|FURTHER NOTICE.
85	bottom	2027 RESOLUTION:|CONTINUE BEING CORRECT.
86	top	WRAPPING UP THE YEAR|ON YOUR DESK.
87	bottom	ASLEEP BY 9.|FIREWORKS GET A CARPET REVIEW.
88	bottom	NEW YEAR. SAME STANDARDS.|STILL WET FOOD ONLY.
89	bottom	STANDING UP|SO YOU CAN HEAR ME BETTER.
90	bottom	DAY ONE OF|RUNNING THE HOUSE.
